csa,eviction_count,total_pop,total_hh,total_residential_properties,total_residential_units,bnia_total_residential_props,total_rental_units,renter_hh,eviction_rate_per_1k_residents,eviction_rate_per_1k_households,eviction_rate_per_1k_renter_hh,eviction_rate_per_1k_rentals,unique_owners,ownership_concentration_pct,pct_black_non_hisp,pct_white_non_hisp,pct_hispanic,median_hh_income,pct_hh_income_under_25k,pct_family_hh_poverty,pct_children_poverty,pct_persons_snap,pct_families_tanf,unemployment_rate,pct_pop_16_64_unemployed,pct_owner_occupied,pct_vacant_abandoned,pct_cash_sales,pct_tax_lien_sales,affordability_idx_rent,housing_vouchers_per_1k,pct_low_mod_income_tract,pct_adult_pop_parole_probation
Allendale/Irvington/S. Hilton,62,16217.0,6098.0,5896,6918,5568.0,4028,2073.0,3.82,10.17,29.91,15.39,2446,30.1,88.16673861,8.324597644,1.288771043,33563.12,39.27,,,,,15.23331525,10.33784406,66.0,4.31,,,57.35865343,,,
Beechfield/Ten Hills/West Hills,48,12264.0,5076.0,3656,5510,3557.0,2937,878.0,3.91,9.46,54.67,16.34,812,52.1,78.86497065,16.78082192,1.590019569,50780.92,21.6,,,,,7.714721798,6.03757194,82.7,0.28,,,49.6369073,,,
Belair-Edison,42,17416.0,6174.0,6385,6574,6295.0,3100,2025.0,2.41,6.8,20.74,13.55,2267,6.0,86.89136426,9.93339458,1.223013321,42920.83,25.14,,,,,16.09248555,11.79561054,67.2,1.45,,,60.55936073,,,
Brooklyn/Curtis Bay/Hawkins Point,61,14243.0,5204.0,4412,5044,4283.0,3478,2581.0,4.28,11.72,23.63,17.54,1983,16.8,35.90535702,47.80593976,9.794284912,32888.5,52.52,,,,,11.92333786,8.061002179,50.4,3.74,,,48.62108047,,,
Canton,6,8100.0,4310.0,3824,4003,4013.0,1388,1297.0,0.74,1.39,4.63,4.32,1167,15.3,3.950617284,86.01234568,4.987654321,74685.14,13.69,,,,,3.423848878,3.044086774,69.9,0.92,,,40.6559878,,,
Cedonia/Frankford,219,23557.0,9348.0,6304,9475,6294.0,4992,1944.0,9.3,23.43,112.65,43.87,1662,30.3,78.53716517,15.05709556,1.973935561,38969.08,27.28,,,,,9.910423453,7.588701129,79.2,0.67,,,60.34901701,,,
Cherry Hill,50,8202.0,3145.0,985,2035,988.0,1654,1425.0,6.1,15.9,35.09,30.23,365,75.9,95.13533285,1.584979273,1.597171422,18602.22,59.29,,,,,26.25081222,16.3994317,54.7,3.44,,,51.32679026,,,
Chinquapin Park/Belvedere,24,7756.0,3359.0,2746,3349,2694.0,1582,873.0,3.09,7.14,27.49,15.17,839,36.7,68.96596184,23.1820526,3.713254255,44659.56,26.31,,,,,10.82450484,8.962623951,74.0,0.33,,,49.0797546,,,
Claremont/Armistead,86,8231.0,3419.0,2305,1566,725.0,1170,800.0,10.45,25.15,107.5,73.5,211,81.5,53.05552181,32.15891143,11.38379298,33236.03,39.67,,,,,9.662312053,6.714628297,76.6,0.0,,,50.12518778,,,
Clifton-Berea,25,9874.0,3529.0,4640,4849,4783.0,3552,2266.0,2.53,7.08,11.03,7.04,2706,10.6,96.30342313,1.053271217,1.033016002,26147.87,47.61,,,,,23.01842644,13.67506516,35.8,24.5,,,67.60176018,,,
Cross-Country/Cheswolde,137,13034.0,5341.0,2868,4953,2914.0,2720,833.0,10.51,25.65,164.47,50.37,530,68.9,20.35445757,72.14976216,2.247966856,56275.65,19.11,,,,,7.525839793,6.287101997,84.4,0.14,,,39.12710567,,,
Dickeyville/Franklintown,48,4101.0,1877.0,468,1917,333.0,1707,546.0,11.7,25.57,87.91,28.12,148,97.3,87.80785174,8.168739332,1.877590832,33707.0,38.01,,,,,11.31243879,8.44606947,70.9,1.5,,,53.57598978,,,
Dorchester/Ashburton,109,11786.0,4565.0,3590,4784,3421.0,2439,1205.0,9.25,23.88,90.46,44.69,1261,30.0,96.12251824,1.340573562,1.018157136,41474.06,26.24,,,,,11.36678201,7.75862069,73.6,3.3,,,62.75862069,,,
Downtown/Seton Hill,154,6446.0,3676.0,718,6892,670.0,6614,2084.0,23.89,41.89,73.9,23.28,363,51.6,37.01520323,39.15606578,4.467887062,33873.68,47.14,,,,,6.434494196,3.807654563,43.3,8.36,,,45.85218703,,,
Edmondson Village,25,7900.0,2875.0,2983,3137,2843.0,1472,837.0,3.16,8.7,29.87,16.98,1120,21.8,96.69620253,0.7594936709,0.8987341772,40121.75,28.31,,,,,16.74186654,12.7072819,70.9,2.6,,,55.49188157,,,
Fells Point,10,9039.0,4717.0,3543,4328,4058.0,2366,2208.0,1.11,2.12,4.53,4.23,1344,20.5,7.788472176,69.84179666,15.12335435,64113.16,21.04,,,,,4.285937744,3.501150013,53.2,0.99,,,50.92812946,,,
Forest Park/Walbrook,110,9849.0,3943.0,2940,4520,2883.0,2778,1443.0,11.17,27.9,76.23,39.6,1255,26.8,94.8725759,2.203269367,1.269164382,36858.6,36.57,,,,,12.45901639,8.415768493,63.4,5.62,,,62.47723133,,,
Glen-Fallstaff,46,14914.0,6414.0,3721,5409,3691.0,2899,1379.0,3.08,7.17,33.36,15.87,965,39.1,63.02802736,27.73233204,5.732868446,35785.18,34.42,,,,,8.177249886,6.184498445,78.5,0.68,,,55.12179888,,,
Greater Charles Village/Barclay,43,16391.0,7040.0,3782,6558,3675.0,4773,3879.0,2.62,6.11,11.09,9.01,1612,29.1,34.73247514,43.81672869,4.789213593,31658.96,39.82,,,,,7.813712807,4.709918902,44.9,9.58,,,47.78721502,,,
Greater Govans,32,10681.0,4073.0,3863,4510,3720.0,2445,1450.0,3.0,7.86,22.07,13.09,1530,31.2,90.85291639,5.448928003,1.348188372,36069.82,36.0,,,,,15.24344569,10.79432436,64.4,4.06,,,61.72839506,,,
Greater Mondawmin,36,9322.0,3466.0,3513,4400,3439.0,2748,1549.0,3.86,10.39,23.24,13.1,1732,23.5,96.18107702,1.094185797,0.9225488093,37034.48,32.92,,,,,13.37808679,9.594222834,55.3,10.29,,,46.87975647,,,
Greater Roland Park/Poplar Hill,26,7377.0,3398.0,3131,3566,3030.0,1255,792.0,3.52,7.65,32.83,20.72,646,53.7,7.902941575,77.51118341,2.575572726,96854.47,10.67,,,,,4.507337526,3.631756757,76.7,0.1,,,43.88625592,,,
Greater Rosemont,66,19259.0,6893.0,7209,7977,7267.0,5358,3384.0,3.43,9.57,19.5,12.32,3843,12.7,96.61456981,0.6542395763,0.9657822317,28810.39,42.99,,,,,18.54226642,11.86866572,50.9,14.94,,,64.81420585,,,
Greenmount East,26,8184.0,3115.0,3951,4776,4100.0,3735,2174.0,3.18,8.35,11.96,6.96,2231,28.1,95.83333333,1.588465298,0.9286412512,23055.99,53.04,,,,,20.42016807,12.74030059,30.2,38.59,,,60.38894575,,,
Hamilton,39,13002.0,5139.0,4410,5121,4368.0,1715,868.0,3.0,7.59,44.93,22.74,994,30.7,56.46054453,37.06352869,2.261190586,52678.3,19.65,,,,,7.648766328,5.93535308,83.1,0.32,,,54.37116564,,,
Harbor East/Little Italy,10,5407.0,2305.0,1326,1723,1596.0,1303,1339.0,1.85,4.34,7.47,7.67,516,64.2,57.9434067,28.51858702,6.787497688,29475.3,44.74,,,,,11.68614357,8.141901716,41.9,1.63,,,59.87210232,,,
Harford/Echodale,161,16839.0,6914.0,5153,7166,5076.0,3109,1072.0,9.56,23.29,150.19,51.79,1062,62.5,53.03759131,40.31118237,3.444385058,51797.31,21.77,,,,,7.396514161,5.844379411,84.5,0.2,,,58.11044003,,,
Highlandtown,15,7250.0,3196.0,3312,4398,3163.0,2523,1218.0,2.07,4.69,12.32,5.95,1173,47.8,8.882758621,66.3862069,19.26896552,59209.61,20.85,,,,,7.9980005,6.644518272,61.9,1.04,,,40.30658251,,,
Howard Park/West Arlington,30,10873.0,4204.0,3201,4121,3165.0,1782,925.0,2.76,7.14,32.43,16.84,928,27.7,94.32539318,2.170514118,1.58190012,38218.31,27.01,,,,,12.27068895,8.437281009,78.0,2.02,,,62.34158117,,,
Inner Harbor/Federal Hill,11,12855.0,6724.0,5747,7728,5894.0,4440,2454.0,0.86,1.64,4.48,2.48,1895,49.5,11.48191365,79.50991832,3.166083236,77887.97,17.89,,,,,3.99199099,3.321532695,63.5,0.56,,,39.10733262,,,
Lauraville,10,12273.0,4686.0,4509,4849,4480.0,1369,984.0,0.81,2.13,10.16,7.3,1095,9.3,57.96463782,35.80216736,2.281430783,56061.17,14.05,,,,,11.06701267,8.814589666,79.0,0.67,,,57.0719603,,,
Loch Raven,147,15311.0,6589.0,4183,8456,4229.0,5383,1219.0,9.6,22.31,120.59,27.31,989,72.2,87.57102737,7.595846124,1.815688067,47093.12,22.3,,,,,12.07022677,9.257527586,81.5,0.14,,,48.25131538,,,
Madison/East End,18,7781.0,2302.0,3256,3149,3220.0,2299,1683.0,2.31,7.82,10.7,7.83,1824,7.0,90.25832155,3.122991903,4.009767382,33352.13,43.23,,,,,22.08276798,12.54818813,26.9,25.71,,,57.97399042,,,
Medfield/Hampden/Woodberry/Remington,17,17388.0,8289.0,7181,8715,6750.0,4151,2594.0,0.98,2.05,6.55,4.1,1951,35.8,11.60570508,77.17966414,3.554175293,49203.99,21.9,,,,,5.398031765,4.285272277,68.7,0.96,,,45.17969196,,,
Midtown,46,15020.0,9078.0,3507,9308,3279.0,7647,5274.0,3.06,5.07,8.72,6.02,1359,27.9,32.1171771,52.70972037,3.894806924,35393.86,37.97,,,,,6.647639434,4.655617556,41.9,5.31,,,46.88581315,,,
Midway/Coldstream,25,9624.0,3212.0,3938,3912,4176.0,2686,1898.0,2.6,7.78,13.17,9.31,2249,4.5,95.56317539,1.371571072,1.080631754,32544.13,39.03,,,,,13.61892583,9.04202632,40.9,16.62,,,70.09771987,,,
Morrell Park/Violetville,12,8964.0,3785.0,3193,3586,3165.0,1790,863.0,1.34,3.17,13.9,6.7,1134,30.3,17.58143686,72.54573851,4.27264614,40645.03,28.53,,,,,7.801589213,5.66829951,77.2,1.61,,,40.67431851,,,
Mount Washington/Coldspring,41,5168.0,2466.0,2086,2730,1825.0,1125,404.0,7.93,16.63,101.49,36.44,325,70.2,22.61996904,68.01470588,2.534829721,79126.82,21.47,,,,,3.890537422,3.407450188,83.6,0.05,,,47.70857814,,,
North Baltimore/Guilford/Homeland,4,17464.0,6479.0,5475,5831,5099.0,2058,1529.0,0.23,0.62,2.62,1.94,1038,50.3,11.83577645,75.04580852,3.326843793,73588.38,23.68,,,,,5.930470348,4.014004234,76.4,0.2,,,51.73124485,,,
Northwood,128,16643.0,5532.0,4687,6161,4670.0,2653,874.0,7.69,23.14,146.45,48.25,1102,53.5,88.6438743,7.162170282,1.670371928,54758.78,18.56,,,,,11.78451178,7.774433935,84.2,0.17,,,55.44615385,,,
Oldtown/Middle East,72,10021.0,3792.0,1698,2846,1423.0,2214,2237.0,7.18,18.99,32.19,32.52,641,52.3,89.49206666,5.42859994,1.736353657,15415.45,60.62,,,,,20.84225553,10.36012063,41.0,40.13,,,41.8996295,,,
Orangeville/East Highlandtown,16,9131.0,3357.0,4108,4128,3505.0,2386,1447.0,1.75,4.77,11.06,6.71,1710,6.4,12.15639032,51.61537619,30.34716898,38987.53,32.21,,,,,8.720546135,6.644295302,56.9,1.37,,,49.31417374,,,
Patterson Park North & East,27,14549.0,5289.0,6375,6606,6342.0,3286,2708.0,1.86,5.1,9.97,8.22,2468,8.3,38.01635851,36.04371434,21.08048663,48889.47,28.92,,,,,12.87521707,9.691876751,48.8,5.33,,,55.67970205,,,
Penn North/Reservoir Hill,41,9668.0,4248.0,3091,5297,2976.0,4013,2583.0,4.24,9.65,15.87,10.22,1604,24.3,90.33926355,5.730244104,1.489449731,27874.43,43.91,,,,,24.00621808,14.87955953,39.2,16.36,,,57.20236029,,,
Pimlico/Arlington/Hilltop,44,11816.0,4464.0,3955,4991,3980.0,3221,1960.0,3.72,9.86,22.45,13.66,1904,29.3,94.35511171,2.775897089,1.108666215,28815.03,44.8,,,,,15.17335411,9.90086426,56.1,13.07,,,55.72597137,,,
Poppleton/The Terraces/Hollins Market,26,5086.0,2181.0,1338,2035,1367.0,1608,1453.0,5.11,11.92,17.89,16.17,676,46.1,82.85489579,12.72119544,1.671254424,22050.03,57.72,,,,,10.91549296,6.836798992,33.4,18.73,,,55.59465165,,,
Sandtown-Winchester/Harlem Park,54,14896.0,5541.0,5800,7150,6076.0,5803,3712.0,3.63,9.75,14.55,9.31,3584,13.8,96.63668099,1.087540279,0.7317400644,23974.12,51.59,,,,,20.07257133,12.14449656,33.0,30.99,,,56.3300566,,,
South Baltimore,3,6406.0,3107.0,3918,4000,3307.0,1711,898.0,0.47,0.97,3.34,1.75,932,51.1,2.669372463,90.30596316,2.591320637,69812.66,13.52,,,,,7.229246839,5.973200091,71.1,0.97,,,44.51145959,,,
Southeastern,86,6260.0,2452.0,1911,2253,1841.0,1332,755.0,13.74,35.07,113.91,64.56,796,37.2,25.36741214,49.15335463,19.9201278,30506.03,48.6,,,,,6.335877863,4.171902488,69.2,0.54,,,62.17228464,,,
Southern Park Heights,97,13284.0,4739.0,4010,5375,4037.0,3707,2450.0,7.3,20.47,39.59,26.17,2025,27.9,95.73923517,1.565793436,0.940981632,29357.24,43.53,,,,,19.2001385,12.08324254,48.3,17.71,,,45.94227504,,,
Southwest Baltimore,55,17885.0,6288.0,8216,9073,8243.0,7440,4439.0,3.08,8.75,12.39,7.39,5093,9.8,75.77299413,16.79619793,3.639921722,28513.85,43.8,,,,,24.84658394,16.08972095,29.4,25.2,,,54.45259298,,,
The Waverlies,113,7753.0,3279.0,2687,3445,2692.0,1857,1197.0,14.58,34.46,94.4,60.85,998,36.8,78.73081388,15.01354314,2.437766026,34787.35,38.2,,,,,11.62211146,9.058802755,63.5,3.45,,,62.55172414,,,
Upton/Druid Heights,44,10342.0,4439.0,2145,3426,2179.0,2735,3001.0,4.25,9.91,14.66,16.09,1138,23.5,92.40959196,3.877393154,1.373041965,13811.24,66.53,,,,,21.61137441,10.84853291,32.4,35.47,,,57.3012939,,,
Washington Village/Pigtown,10,5503.0,2273.0,2769,2741,2752.0,1520,1216.0,1.82,4.4,8.22,6.58,1198,15.9,49.02780302,39.05142649,3.434490278,47178.46,28.48,,,,,9.346427362,6.652205351,46.5,8.72,,,48.82352941,,,
Westport/Mount Winans/Lakeland,41,7119.0,2499.0,2421,2427,2146.0,1621,1105.0,5.76,16.41,37.1,25.29,979,29.7,65.5148195,17.15128529,13.06363253,40959.4,33.97,,,,,14.24332344,10.50955414,55.8,8.06,,,52.84697509,,,
